USER_ID,AGE,GENDER
0,34,F
1,33,M
2,40,F
3,19,M
4,39,F
5,37,F
6,26,M
7,45,M
8,23,M
9,33,F
10,28,M
11,52,M
12,30,M
13,49,M
14,34,M
15,35,F
16,19,F
17,45,F
18,41,F
19,38,M
20,27,M
21,27,F
22,44,F
23,34,F
24,32,F
25,18,M
26,40,F
27,39,M
28,24,M
29,34,F
30,18,M
31,38,M
32,28,F
33,32,F
34,45,M
35,21,M
36,52,M
37,41,F
38,57,F
39,60,M
40,33,F
41,48,M
42,24,M
43,41,M
44,46,M
45,41,F
46,26,M
47,29,M
48,40,F
49,21,F
50,28,M
51,32,M
52,33,M
53,34,F
54,23,F
55,30,M
56,30,F
57,43,M
58,48,F
59,53,M
60,33,F
61,55,M
62,40,F
63,22,F
64,34,M
65,48,M
66,26,F
67,32,F
68,23,M
69,31,M
70,33,M
71,48,M
72,51,M
73,38,M
74,45,M
75,35,M
76,50,M
77,49,M
78,38,F
79,50,F
80,80,F
81,21,M
82,38,M
83,41,M
84,50,M
85,38,F
86,22,M
87,18,F
88,36,M
89,19,F
90,42,M
91,21,F
92,52,F
93,21,F
94,27,M
95,26,F
96,52,M
97,28,M
98,21,F
99,45,F
100,60,M
101,39,F
102,35,M
103,45,F
104,22,F
105,19,F
106,41,M
107,30,F
108,27,F
109,23,M
110,29,M
111,33,M
112,42,M
113,32,M
114,29,M
115,24,M
116,35,M
117,30,M
118,20,M
119,45,F
120,33,M
121,21,F
122,37,M
123,21,M
124,39,M
125,43,M
126,62,F
127,42,F
128,52,F
129,52,M
130,38,M
131,43,M
132,47,F
133,44,M
134,24,F
135,30,M
136,30,M
137,27,F
138,26,M
139,24,M
140,23,M
141,18,M
142,26,F
143,38,M
144,39,M
145,39,F
146,58,M
147,43,F
148,19,F
149,36,M
150,28,M
151,19,F
152,19,M
153,36,F
154,63,M
155,35,M
156,38,M
157,55,M
158,38,M
159,45,M
160,24,M
161,41,F
162,78,M
163,31,F
164,48,F
165,34,M
166,37,F
167,34,M
168,32,M
169,38,F
170,35,F
171,55,M
172,36,M
173,33,M
174,57,M
175,53,F
176,45,M
177,28,M
178,44,F
179,48,F
180,33,M
181,36,F
182,41,F
183,37,F
184,23,M
185,33,M
186,29,M
187,31,F
188,40,M
189,34,F
190,20,M
191,25,M
192,25,M
193,31,M
194,36,F
195,28,F
196,23,F
197,37,M
198,19,M
199,23,F
200,65,F
201,52,M
202,36,F
203,52,F
204,48,M
205,21,F
206,43,F
207,47,F
208,30,F
209,30,M
210,21,M
211,28,M
212,37,M
213,35,F
214,46,F
215,32,M
216,34,F
217,33,F
218,27,M
219,53,F
220,55,F
221,34,M
222,42,F
223,42,F
224,30,M
225,39,F
226,22,F
227,22,F
228,20,F
229,22,F
230,30,M
231,26,M
232,25,F
233,44,F
234,50,M
235,43,F
236,50,M
237,37,M
238,61,F
239,25,M
240,48,F
241,27,F
242,44,M
243,31,F
244,29,M
245,40,F
246,21,F
247,23,F
248,46,M
249,59,M
250,35,M
251,30,M
252,18,F
253,61,M
254,48,F
255,28,M
256,30,M
257,32,M
258,27,F
259,23,M
260,34,M
261,35,M
262,25,F
263,35,F
264,41,F
265,60,F
266,35,F
267,27,M
268,40,F
269,28,M
270,27,F
271,39,M
272,26,F
273,28,M
274,51,M
275,36,F
276,31,F
277,32,F
278,38,M
279,20,F
280,52,M
281,55,M
282,35,F
283,27,F
284,50,M
285,66,F
286,23,M
287,45,M
288,31,F
289,39,F
290,26,M
291,51,M
292,44,M
293,36,F
294,49,F
295,19,M
296,30,F
297,27,F
298,26,M
299,22,M
300,34,M
301,42,F
302,21,F
303,32,F
304,42,M
305,40,M
306,39,F
307,35,F
308,28,M
309,52,F
310,37,M
311,47,F
312,44,M
313,28,M
314,57,F
315,30,M
316,39,M
317,55,M
318,24,M
319,41,F
320,24,M
321,53,F
322,81,M
323,35,M
324,44,F
325,64,M
326,40,F
327,28,F
328,20,F
329,35,F
330,26,M
331,33,M
332,32,M
333,47,F
334,38,F
335,31,M
336,24,M
337,35,M
338,31,M
339,24,F
340,42,F
341,27,M
342,24,M
343,46,F
344,33,F
345,44,M
346,24,F
347,18,M
348,50,F
349,24,F
350,18,M
351,19,F
352,25,F
353,33,F
354,37,M
355,31,F
356,52,F
357,19,F
358,46,F
359,28,M
360,46,M
361,51,M
362,62,F
363,50,F
364,23,M
365,18,F
366,34,M
367,27,F
368,20,F
369,27,M
370,36,M
371,46,M
372,36,F
373,22,M
374,48,F
375,20,F
376,33,M
377,25,F
378,53,F
379,38,M
380,30,M
381,18,F
382,23,F
383,21,F
384,26,F
385,42,F
386,51,M
387,37,F
388,25,M
389,56,F
390,32,F
391,47,M
392,42,M
393,26,M
394,47,F
395,18,F
396,29,M
397,18,M
398,24,M
399,40,F
400,22,F
401,18,F
402,27,M
403,29,M
404,48,M
405,39,M
406,34,F
407,21,F
408,43,F
409,51,F
410,28,F
411,52,M
412,37,F
413,41,M
414,24,M
415,49,M
416,20,F
417,64,F
418,39,M
419,18,F
420,32,M
421,44,M
422,33,M
423,27,M
424,59,F
425,22,M
426,36,F
427,27,F
428,48,M
429,38,F
430,26,F
431,30,F
432,36,F
433,38,M
434,54,M
435,47,M
436,48,M
437,43,M
438,42,F
439,39,M
440,24,F
441,38,F
442,51,M
443,59,F
444,47,M
445,44,F
446,41,M
447,35,M
448,22,F
449,29,M
450,20,F
451,21,F
452,19,M
453,49,F
454,19,F
455,47,F
456,34,F
457,20,M
458,31,M
459,29,F
460,42,M
461,69,F
462,30,M
463,19,M
464,37,M
465,27,M
466,30,F
467,32,M
468,55,M
469,23,F
470,30,M
471,28,F
472,36,M
473,42,F
474,31,M
475,25,M
476,31,F
477,23,F
478,26,M
479,26,M
480,76,F
481,45,F
482,45,M
483,42,M
484,32,M
485,21,M
486,34,M
487,32,F
488,34,F
489,20,M
490,27,F
491,53,F
492,63,M
493,22,F
494,33,M
495,31,M
496,26,F
497,22,M
498,23,M
499,47,F
500,34,F
501,47,M
502,43,M
503,45,F
504,32,F
505,28,M
506,33,F
507,24,F
508,59,M
509,52,F
510,29,M
511,25,F
512,21,M
513,24,F
514,47,F
515,45,F
516,24,F
517,41,M
518,34,F
519,38,M
520,28,M
521,29,M
522,33,M
523,43,F
524,29,F
525,44,M
526,21,M
527,34,F
528,45,F
529,40,M
530,49,F
531,35,F
532,35,F
533,45,F
534,34,M
535,21,F
536,35,M
537,18,F
538,29,F
539,31,F
540,28,F
541,42,M
542,24,M
543,25,F
544,74,M
545,26,M
546,25,M
547,58,M
548,36,M
549,31,F
550,31,M
551,34,M
552,36,M
553,20,M
554,30,F
555,26,M
556,43,M
557,48,M
558,45,F
559,24,M
560,59,M
561,36,M
562,20,F
563,38,M
564,37,F
565,40,M
566,29,F
567,32,F
568,38,M
569,19,M
570,39,F
571,54,M
572,33,M
573,33,M
574,42,F
575,46,F
576,53,M
577,19,M
578,53,M
579,22,F
580,29,F
581,30,M
582,40,M
583,45,F
584,41,M
585,52,F
586,37,M
587,29,M
588,35,F
589,49,M
590,22,M
591,47,M
592,52,F
593,47,F
594,50,M
595,26,F
596,20,F
597,27,M
598,45,F
599,43,M
600,54,M
601,48,M
602,41,M
603,27,F
604,30,M
605,38,M
606,28,F
607,63,M
608,40,F
609,24,M
610,34,M
611,48,M
612,41,F
613,35,M
614,34,F
615,32,F
616,37,M
617,48,F
618,39,F
619,21,M
620,22,F
621,32,F
622,32,M
623,20,F
624,50,F
625,44,F
626,38,F
627,39,M
628,40,M
629,26,M
630,43,F
631,21,F
632,70,F
633,36,M
634,55,M
635,28,F
636,49,M
637,42,F
638,52,F
639,24,M
640,28,M
641,65,M
642,28,M
643,25,M
644,28,F
645,23,M
646,50,M
647,31,F
648,19,M
649,29,F
650,25,F
651,23,M
652,47,M
653,20,M
654,25,F
655,41,F
656,20,F
657,34,M
658,27,M
659,63,F
660,27,F
661,28,F
662,38,M
663,34,F
664,27,M
665,57,M
666,19,F
667,44,M
668,34,M
669,38,M
670,32,F
671,43,F
672,41,F
673,35,F
674,43,M
675,29,M
676,45,M
677,24,M
678,32,M
679,37,M
680,42,F
681,57,F
682,30,M
683,21,F
684,42,M
685,23,F
686,19,M
687,42,F
688,32,F
689,47,F
690,44,M
691,38,M
692,45,M
693,23,F
694,28,M
695,39,F
696,33,M
697,42,M
698,38,M
699,38,F
700,45,M
701,38,M
702,37,M
703,18,F
704,28,M
705,40,F
706,30,F
707,34,M
708,41,F
709,35,M
710,42,F
711,32,F
712,29,M
713,32,F
714,53,F
715,24,M
716,88,F
717,28,F
718,43,M
719,23,F
720,25,F
721,37,F
722,58,F
723,29,M
724,61,F
725,42,M
726,19,M
727,37,M
728,58,M
729,47,F
730,20,M
731,40,M
732,45,M
733,57,F
734,36,F
735,47,F
736,32,F
737,43,F
738,34,F
739,56,F
740,40,M
741,39,F
742,32,F
743,45,F
744,30,F
745,26,M
746,67,M
747,35,M
748,32,F
749,34,M
750,24,F
751,37,M
752,36,M
753,18,M
754,31,M
755,31,F
756,24,F
757,38,M
758,32,F
759,22,F
760,38,F
761,19,M
762,38,F
763,34,F
764,31,M
765,45,F
766,20,M
767,24,F
768,39,M
769,50,F
770,20,M
771,23,F
772,25,F
773,34,M
774,53,M
775,46,F
776,38,M
777,31,F
778,29,M
779,46,M
780,24,F
781,24,M
782,24,M
783,21,F
784,23,F
785,27,M
786,23,F
787,22,F
788,24,M
789,28,M
790,55,M
791,25,F
792,33,F
793,28,M
794,35,F
795,22,F
796,30,F
797,24,F
798,21,M
799,35,F
800,34,M
801,28,M
802,32,M
803,44,M
804,43,F
805,46,F
806,47,F
807,41,F
808,25,F
809,42,M
810,61,M
811,28,F
812,51,F
813,44,M
814,32,F
815,25,F
816,58,M
817,25,M
818,24,M
819,41,F
820,20,F
821,42,F
822,48,M
823,19,M
824,27,M
825,31,M
826,40,M
827,33,F
828,33,F
829,41,F
830,38,M
831,46,F
832,25,M
833,34,M
834,22,M
835,32,M
836,49,M
837,29,F
838,32,M
839,22,M
840,24,M
841,33,F
842,23,F
843,37,M
844,24,M
845,20,M
846,29,F
847,31,M
848,45,F
849,49,F
850,26,M
851,22,M
852,24,M
853,41,M
854,33,F
855,23,F
856,58,F
857,41,F
858,24,M
859,23,F
860,20,M
861,34,M
862,32,M
863,24,F
864,38,M
865,45,F
866,42,M
867,25,F
868,29,M
869,36,M
870,51,F
871,22,M
872,50,F
873,35,F
874,44,M
875,47,F
876,39,M
877,28,F
878,33,F
879,62,M
880,38,M
881,57,M
882,21,F
883,29,F
884,42,M
885,42,F
886,20,M
887,38,M
888,18,M
889,38,M
890,56,F
891,24,M
892,38,F
893,27,F
894,26,M
895,38,M
896,18,M
897,21,M
898,43,M
899,41,F
900,40,F
901,45,F
902,58,M
903,34,M
904,20,M
905,49,M
906,31,F
907,42,F
908,29,M
909,26,M
910,20,M
911,23,F
912,31,F
913,32,F
914,60,M
915,50,M
916,32,M
917,34,M
918,52,F
919,25,M
920,45,M
921,57,M
922,45,F
923,33,F
924,35,F
925,33,F
926,39,F
927,25,M
928,32,M
929,45,F
930,48,M
931,38,M
932,32,M
933,42,F
934,43,M
935,29,M
936,28,F
937,52,F
938,28,F
939,38,F
940,22,F
941,33,F
942,25,F
943,33,M
944,39,F
945,40,F
946,50,M
947,36,M
948,20,F
949,66,M
950,29,M
951,27,M
952,53,F
953,38,F
954,30,F
955,41,M
956,51,F
957,24,F
958,70,F
959,21,M
960,32,M
961,62,F
962,21,F
963,35,F
964,32,F
965,19,F
966,23,F
967,45,M
968,43,M
969,28,M
970,48,M
971,45,M
972,34,M
973,40,M
974,44,M
975,32,F
976,25,F
977,31,F
978,32,M
979,38,M
980,48,F
981,34,M
982,39,F
983,27,F
984,39,M
985,29,F
986,18,F
987,37,F
988,28,M
989,31,M
990,22,M
991,22,F
992,45,M
993,35,M
994,64,F
995,29,F
996,48,M
997,41,F
998,50,F
999,36,F
1000,40,M
1001,29,M
1002,29,F
1003,32,M
1004,28,F
1005,46,F
1006,31,F
1007,45,M
1008,23,M
1009,30,F
1010,23,F
1011,46,M
1012,46,M
1013,40,F
1014,26,F
1015,37,F
1016,40,M
1017,27,M
1018,45,M
1019,20,M
1020,34,M
1021,24,F
1022,57,F
1023,18,M
1024,33,M
1025,21,F
1026,22,F
1027,38,M
1028,30,F
1029,22,M
1030,22,F
1031,45,F
1032,43,F
1033,47,F
1034,37,F
1035,51,M
1036,24,M
1037,26,M
1038,48,F
1039,48,M
1040,26,M
1041,24,M
1042,30,M
1043,38,F
1044,29,M
1045,21,F
1046,43,F
1047,33,F
1048,38,F
1049,19,M
1050,56,M
1051,45,F
1052,30,M
1053,52,F
1054,22,M
1055,39,M
1056,35,M
1057,61,F
1058,45,F
1059,29,M
1060,37,F
1061,45,M
1062,46,M
1063,35,F
1064,29,M
1065,21,F
1066,19,M
1067,34,M
1068,38,F
1069,20,F
1070,44,M
1071,43,M
1072,47,F
1073,52,F
1074,38,M
1075,24,F
1076,47,M
1077,26,M
1078,20,M
1079,33,M
1080,31,M
1081,44,M
1082,32,F
1083,60,M
1084,22,F
1085,44,M
1086,27,M
1087,62,M
1088,33,M
1089,46,M
1090,21,F
1091,32,F
1092,44,F
1093,22,F
1094,40,M
1095,53,F
1096,21,F
1097,30,F
1098,42,F
1099,61,M
1100,24,F
1101,39,F
1102,26,F
1103,46,M
1104,57,M
1105,40,F
1106,25,F
1107,42,M
1108,29,F
1109,30,F
1110,35,M
1111,37,M
1112,34,M
1113,49,F
1114,45,F
1115,33,F
1116,44,F
1117,27,F
1118,23,F
1119,45,F
1120,35,M
1121,62,M
1122,31,M
1123,60,M
1124,39,F
1125,46,F
1126,29,M
1127,39,F
1128,45,F
1129,39,M
1130,36,F
1131,19,F
1132,40,F
1133,32,M
1134,20,M
1135,37,M
1136,40,F
1137,34,M
1138,34,F
1139,30,M
1140,25,F
1141,28,F
1142,49,M
1143,39,M
1144,32,F
1145,39,F
1146,34,M
1147,52,F
1148,45,M
1149,24,M
1150,21,M
1151,31,F
1152,67,F
1153,28,M
1154,26,F
1155,35,M
1156,18,M
1157,59,M
1158,62,M
1159,52,M
1160,61,F
1161,33,M
1162,63,F
1163,32,F
1164,21,F
1165,28,F
1166,19,F
1167,34,F
1168,29,F
1169,20,F
1170,33,F
1171,45,F
1172,30,M
1173,53,M
1174,45,M
1175,27,F
1176,69,F
1177,39,M
1178,27,F
1179,52,M
1180,48,F
1181,51,F
1182,38,F
1183,30,F
1184,18,F
1185,48,F
1186,57,M
1187,48,F
1188,27,F
1189,32,M
1190,41,F
1191,54,F
1192,20,F
1193,30,M
1194,42,M
1195,37,F
1196,40,F
1197,28,M
1198,64,M
1199,41,M
1200,47,M
1201,44,F
1202,24,M
1203,51,F
1204,56,F
1205,30,F
1206,57,M
1207,27,F
1208,33,M
1209,58,M
1210,38,M
1211,45,M
1212,28,M
1213,32,M
1214,22,M
1215,44,F
1216,36,M
1217,55,F
1218,24,F
1219,25,F
1220,49,F
1221,29,M
1222,19,M
1223,45,F
1224,59,F
1225,26,F
1226,24,F
1227,45,M
1228,35,M
1229,26,F
1230,28,F
1231,19,F
1232,29,F
1233,23,F
1234,44,F
1235,30,F
1236,54,M
1237,24,M
1238,53,M
1239,26,F
1240,24,M
1241,44,F
1242,29,F
1243,31,F
1244,30,M
1245,37,F
1246,24,M
1247,46,M
1248,34,M
1249,21,M
1250,23,M
1251,47,M
1252,20,M
1253,19,M
1254,29,M
1255,49,M
1256,18,F
1257,22,F
1258,27,F
1259,43,M
1260,28,F
1261,33,M
1262,52,F
1263,22,M
1264,40,M
1265,43,M
1266,61,M
1267,29,M
1268,34,F
1269,42,F
1270,21,F
1271,46,M
1272,46,M
1273,46,M
1274,36,M
1275,39,F
1276,57,M
1277,35,F
1278,37,F
1279,32,F
1280,42,F
1281,26,F
1282,34,M
1283,27,F
1284,66,M
1285,29,F
1286,19,F
1287,34,M
1288,40,F
1289,31,M
1290,34,F
1291,33,M
1292,38,F
1293,20,F
1294,28,M
1295,21,F
1296,39,F
1297,18,M
1298,29,M
1299,32,M
1300,31,M
1301,49,F
1302,40,F
1303,34,M
1304,54,M
1305,28,F
1306,39,F
1307,31,F
1308,27,F
1309,38,M
1310,41,F
1311,33,M
1312,40,F
1313,21,M
1314,39,M
1315,32,M
1316,22,M
1317,54,M
1318,48,M
1319,39,M
1320,18,F
1321,19,M
1322,37,F
1323,19,M
1324,33,F
1325,31,M
1326,23,F
1327,58,M
1328,37,M
1329,27,F
1330,22,M
1331,31,F
1332,18,F
1333,25,F
1334,18,F
1335,22,M
1336,46,M
1337,35,F
1338,23,M
1339,39,M
1340,22,F
1341,42,M
1342,18,M
1343,58,M
1344,22,F
1345,43,M
1346,33,F
1347,27,M
1348,29,F
1349,51,M
1350,46,F
1351,37,M
1352,25,M
1353,19,F
1354,24,M
1355,58,M
1356,30,M
1357,30,M
1358,29,M
1359,33,M
1360,42,F
1361,31,F
1362,29,M
1363,36,M
1364,28,M
1365,38,M
1366,40,F
1367,30,F
1368,60,M
1369,25,M
1370,22,F
1371,29,M
1372,36,M
1373,35,M
1374,35,F
1375,23,M
1376,27,M
1377,29,M
1378,39,F
1379,52,F
1380,38,F
1381,42,F
1382,24,M
1383,32,F
1384,42,M
1385,39,F
1386,49,M
1387,49,F
1388,45,M
1389,27,M
1390,31,M
1391,39,M
1392,36,F
1393,38,F
1394,25,M
1395,26,F
1396,26,F
1397,44,F
1398,41,M
1399,24,M
1400,32,F
1401,20,M
1402,21,M
1403,19,M
1404,57,M
1405,33,F
1406,62,M
1407,32,M
1408,39,M
1409,31,M
1410,40,M
1411,43,F
1412,26,M
1413,41,F
1414,60,F
1415,61,F
1416,33,F
1417,29,F
1418,57,M
1419,32,M
1420,29,M
1421,29,M
1422,30,F
1423,22,F
1424,47,M
1425,54,M
1426,44,F
1427,35,M
1428,24,F
1429,28,F
1430,19,M
1431,28,F
1432,45,M
1433,67,F
1434,39,F
1435,44,M
1436,23,F
1437,26,M
1438,40,F
1439,60,M
1440,38,M
1441,29,F
1442,34,F
1443,25,M
1444,44,M
1445,22,F
1446,35,M
1447,20,F
1448,30,M
1449,42,F
1450,30,F
1451,20,F
1452,42,F
1453,57,F
1454,31,F
1455,30,M
1456,36,M
1457,64,M
1458,36,M
1459,47,M
1460,36,F
1461,32,M
1462,40,M
1463,28,M
1464,42,F
1465,39,F
1466,25,M
1467,24,M
1468,19,F
1469,43,F
1470,31,F
1471,35,F
1472,38,F
1473,18,F
1474,46,M
1475,41,F
1476,39,F
1477,28,F
1478,56,M
1479,40,M
1480,26,M
1481,70,F
1482,45,F
1483,30,M
1484,32,M
1485,32,M
1486,26,M
1487,29,M
1488,29,M
1489,18,F
1490,56,M
1491,59,F
1492,31,F
1493,33,M
1494,26,F
1495,30,F
1496,40,M
1497,27,M
1498,27,F
1499,53,M
1500,38,M
1501,49,F
1502,35,F
1503,21,M
1504,25,M
1505,52,M
1506,51,M
1507,34,F
1508,40,M
1509,44,M
1510,30,F
1511,31,M
1512,40,M
1513,18,F
1514,55,F
1515,50,M
1516,34,F
1517,19,F
1518,49,M
1519,50,F
1520,32,M
1521,41,F
1522,29,M
1523,51,F
1524,21,M
1525,45,M
1526,51,F
1527,50,F
1528,26,M
1529,33,M
1530,22,F
1531,30,F
1532,33,F
1533,21,M
1534,25,M
1535,27,M
1536,51,M
1537,57,M
1538,34,M
1539,36,F
1540,18,F
1541,33,F
1542,42,M
1543,28,F
1544,45,M
1545,39,M
1546,30,F
1547,25,F
1548,19,M
1549,19,F
1550,33,F
1551,50,F
1552,87,M
1553,43,M
1554,31,F
1555,40,F
1556,37,F
1557,40,M
1558,47,M
1559,33,F
1560,28,F
1561,42,F
1562,27,M
1563,39,M
1564,32,F
1565,41,F
1566,35,F
1567,20,M
1568,58,M
1569,32,M
1570,55,F
1571,44,M
1572,27,M
1573,49,M
1574,19,M
1575,52,M
1576,29,F
1577,21,F
1578,33,M
1579,57,M
1580,43,F
1581,43,M
1582,42,F
1583,26,F
1584,48,M
1585,41,F
1586,46,F
1587,35,F
1588,33,M
1589,49,F
1590,22,M
1591,39,F
1592,26,M
1593,43,M
1594,50,M
1595,41,M
1596,35,M
1597,25,M
1598,44,M
1599,24,F
1600,51,F
1601,39,F
1602,51,F
1603,20,F
1604,32,M
1605,39,M
1606,25,M
1607,28,F
1608,40,M
1609,31,F
1610,43,F
1611,49,M
1612,27,F
1613,46,M
1614,19,F
1615,30,F
1616,31,M
1617,22,M
1618,22,M
1619,18,F
1620,31,F
1621,36,F
1622,31,F
1623,30,F
1624,56,M
1625,35,M
1626,25,F
1627,19,F
1628,28,M
1629,52,F
1630,35,F
1631,35,M
1632,28,M
1633,31,M
1634,45,M
1635,31,M
1636,28,M
1637,38,M
1638,28,F
1639,20,M
1640,29,F
1641,18,F
1642,35,M
1643,19,F
1644,48,M
1645,34,F
1646,27,F
1647,19,M
1648,26,F
1649,32,F
1650,28,M
1651,21,M
1652,21,F
1653,66,M
1654,35,M
1655,24,F
1656,32,F
1657,44,F
1658,26,F
1659,44,M
1660,25,M
1661,35,M
1662,22,M
1663,28,F
1664,21,M
1665,25,F
1666,24,F
1667,35,M
1668,22,F
1669,31,M
1670,44,F
1671,36,F
1672,41,F
1673,20,M
1674,34,F
1675,33,F
1676,55,M
1677,20,F
1678,43,M
1679,21,F
1680,29,F
1681,19,M
1682,34,M
1683,46,M
1684,60,F
1685,52,F
1686,18,F
1687,58,M
1688,32,M
1689,35,M
1690,22,M
1691,24,F
1692,32,F
1693,21,M
1694,21,F
1695,39,F
1696,54,F
1697,33,F
1698,29,M
1699,22,F
1700,23,M
1701,33,F
1702,64,F
1703,32,F
1704,38,M
1705,41,F
1706,29,M
1707,30,M
1708,39,M
1709,32,M
1710,33,M
1711,20,M
1712,63,M
1713,38,F
1714,41,M
1715,24,F
1716,19,F
1717,39,M
1718,34,F
1719,38,M
1720,18,F
1721,25,F
1722,48,M
1723,35,F
1724,18,F
1725,42,F
1726,40,F
1727,58,M
1728,20,F
1729,51,F
1730,25,F
1731,37,F
1732,43,F
1733,41,F
1734,28,M
1735,36,F
1736,34,F
1737,41,M
1738,35,F
1739,42,M
1740,25,F
1741,34,M
1742,33,M
1743,21,M
1744,22,F
1745,20,M
1746,36,M
1747,34,F
1748,42,M
1749,36,F
1750,32,F
1751,35,F
1752,25,M
1753,25,M
1754,24,M
1755,51,F
1756,51,F
1757,25,M
1758,39,M
1759,18,F
1760,31,F
1761,43,M
1762,33,M
1763,34,M
1764,28,M
1765,24,M
1766,31,F
1767,46,M
1768,42,M
1769,37,M
1770,50,F
1771,20,M
1772,44,M
1773,35,F
1774,36,M
1775,31,F
1776,20,M
1777,48,F
1778,48,M
1779,35,M
1780,33,M
1781,21,F
1782,32,F
1783,51,F
1784,54,F
1785,33,M
1786,30,M
1787,36,F
1788,28,M
1789,37,F
1790,47,M
1791,38,F
1792,31,F
1793,43,F
1794,57,M
1795,33,F
1796,49,F
1797,35,M
1798,51,M
1799,48,M
1800,29,F
1801,18,F
1802,22,M
1803,20,M
1804,20,F
1805,43,F
1806,38,F
1807,35,M
1808,48,M
1809,21,F
1810,41,M
1811,31,F
1812,39,F
1813,41,F
1814,24,M
1815,32,F
1816,29,F
1817,27,M
1818,34,F
1819,52,F
1820,20,M
1821,43,F
1822,57,F
1823,35,M
1824,32,M
1825,31,F
1826,27,F
1827,30,M
1828,19,M
1829,36,F
1830,28,F
1831,23,F
1832,26,F
1833,47,M
1834,22,F
1835,31,M
1836,31,F
1837,38,M
1838,23,M
1839,58,F
1840,19,M
1841,43,F
1842,18,F
1843,54,F
1844,39,F
1845,43,M
1846,58,M
1847,28,F
1848,49,F
1849,37,M
1850,46,F
1851,51,M
1852,25,F
1853,27,M
1854,45,M
1855,67,F
1856,35,M
1857,53,M
1858,52,M
1859,31,F
1860,35,M
1861,46,M
1862,23,M
1863,35,F
1864,25,F
1865,39,F
1866,21,F
1867,21,M
1868,45,F
1869,39,F
1870,43,F
1871,22,M
1872,50,M
1873,37,F
1874,37,M
1875,49,M
1876,46,F
1877,21,F
1878,31,F
1879,65,M
1880,26,F
1881,44,F
1882,28,M
1883,44,F
1884,21,F
1885,53,M
1886,45,F
1887,64,F
1888,34,F
1889,41,F
1890,38,M
1891,43,M
1892,58,M
1893,33,M
1894,38,F
1895,47,F
1896,37,M
1897,27,F
1898,20,M
1899,47,M
1900,51,F
1901,26,M
1902,54,F
1903,26,M
1904,20,F
1905,48,F
1906,36,F
1907,40,F
1908,29,F
1909,49,F
1910,42,F
1911,21,F
1912,37,F
1913,38,F
1914,25,M
1915,19,M
1916,30,M
1917,38,F
1918,50,F
1919,41,F
1920,41,M
1921,58,F
1922,35,M
1923,43,M
1924,27,M
1925,32,M
1926,36,M
1927,47,F
1928,39,M
1929,24,M
1930,22,F
1931,42,M
1932,38,F
1933,31,F
1934,21,F
1935,32,F
1936,57,F
1937,32,M
1938,23,M
1939,26,F
1940,51,F
1941,64,M
1942,25,M
1943,29,M
1944,69,M
1945,28,M
1946,38,F
1947,33,F
1948,43,M
1949,43,M
1950,27,M
1951,30,F
1952,36,M
1953,21,M
1954,51,F
1955,25,M
1956,33,F
1957,41,F
1958,41,F
1959,24,F
1960,41,F
1961,37,M
1962,27,F
1963,46,F
1964,36,F
1965,20,M
1966,37,F
1967,36,M
1968,59,M
1969,28,M
1970,34,M
1971,22,F
1972,51,M
1973,38,F
1974,23,M
1975,42,F
1976,51,F
1977,34,F
1978,54,F
1979,23,F
1980,28,F
1981,44,F
1982,26,F
1983,57,M
1984,18,F
1985,55,F
1986,56,F
1987,44,F
1988,45,M
1989,39,F
1990,25,M
1991,22,F
1992,30,M
1993,53,F
1994,58,F
1995,24,F
1996,20,F
1997,38,M
1998,26,M
1999,64,F
2000,23,M
2001,51,F
2002,57,M
2003,48,M
2004,34,F
2005,39,F
2006,45,M
2007,28,M
2008,35,M
2009,20,M
2010,52,M
2011,31,M
2012,26,M
2013,36,F
2014,24,M
2015,27,F
2016,35,M
2017,46,M
2018,25,F
2019,25,M
2020,34,F
2021,35,M
2022,47,F
2023,18,F
2024,56,F
2025,35,F
2026,22,M
2027,45,F
2028,19,M
2029,27,F
2030,21,M
2031,37,M
2032,36,M
2033,47,F
2034,23,F
2035,57,M
2036,32,M
2037,25,M
2038,31,F
2039,50,M
2040,31,F
2041,33,F
2042,48,M
2043,33,F
2044,41,M
2045,18,F
2046,43,F
2047,53,F
2048,29,F
2049,50,F
2050,48,F
2051,37,M
2052,32,M
2053,40,F
2054,43,M
2055,35,F
2056,21,F
2057,59,F
2058,19,M
2059,30,F
2060,20,F
2061,30,M
2062,55,M
2063,38,F
2064,26,F
2065,28,M
2066,61,M
2067,19,M
2068,40,F
2069,44,M
2070,37,F
2071,18,M
2072,48,M
2073,26,F
2074,54,M
2075,25,F
2076,48,M
2077,27,F
2078,32,F
2079,30,F
2080,40,M
2081,32,M
2082,28,M
2083,42,M
2084,32,F
2085,25,F
2086,25,F
2087,35,F
2088,25,M
2089,20,M
2090,46,M
2091,37,M
2092,50,F
2093,29,M
2094,56,F
2095,30,M
2096,30,M
2097,33,M
2098,21,F
2099,39,F
2100,43,F
2101,36,F
2102,40,F
2103,33,M
2104,55,F
2105,22,F
2106,34,M
2107,61,M
2108,21,M
2109,33,F
2110,30,F
2111,29,F
2112,31,M
2113,34,F
2114,36,M
2115,49,M
2116,23,F
2117,22,F
2118,23,M
2119,22,F
2120,33,M
2121,23,M
2122,40,M
2123,27,F
2124,58,F
2125,30,F
2126,40,M
2127,36,M
2128,29,M
2129,27,M
2130,37,M
2131,40,F
2132,59,F
2133,42,F
2134,29,F
2135,39,M
2136,31,F
2137,33,M
2138,30,M
2139,25,M
2140,39,M
2141,36,M
2142,33,F
2143,35,M
2144,27,F
2145,54,M
2146,28,F
2147,58,F
2148,42,M
2149,37,M
2150,46,M
2151,26,F
2152,23,M
2153,35,F
2154,47,F
2155,27,F
2156,47,F
2157,31,M
2158,40,M
2159,28,M
2160,83,M
2161,24,M
2162,41,M
2163,36,M
2164,58,F
2165,30,F
2166,70,M
2167,29,M
2168,23,M
2169,23,M
2170,56,M
2171,49,M
2172,20,F
2173,34,M
2174,21,M
2175,38,F
2176,38,M
2177,24,M
2178,26,F
2179,39,F
2180,32,M
2181,42,M
2182,28,F
2183,26,F
2184,28,M
2185,29,F
2186,42,F
2187,57,F
2188,63,F
2189,25,F
2190,39,M
2191,21,F
2192,44,M
2193,46,M
2194,61,F
2195,38,F
2196,52,M
2197,18,M
2198,21,F
2199,43,M
2200,45,F
2201,27,M
2202,47,F
2203,44,F
2204,29,F
2205,42,M
2206,22,F
2207,54,F
2208,31,F
2209,41,M
2210,39,M
2211,30,M
2212,46,M
2213,27,M
2214,37,F
2215,34,M
2216,29,F
2217,26,F
2218,56,M
2219,54,F
2220,24,F
2221,55,F
2222,20,M
2223,40,M
2224,31,M
2225,46,F
2226,34,F
2227,18,M
2228,45,F
2229,45,F
2230,29,F
2231,33,M
2232,22,F
2233,47,M
2234,19,M
2235,24,F
2236,25,F
2237,42,M
2238,33,F
2239,24,F
2240,18,F
2241,26,F
2242,35,F
2243,40,F
2244,36,M
2245,31,M
2246,29,F
2247,41,F
2248,28,F
2249,32,F
2250,44,M
2251,37,F
2252,30,M
2253,53,F
2254,63,F
2255,39,M
2256,20,M
2257,38,M
2258,26,M
2259,47,M
2260,18,M
2261,48,F
2262,38,F
2263,34,M
2264,23,M
2265,52,F
2266,25,F
2267,68,F
2268,18,F
2269,26,F
2270,36,M
2271,54,F
2272,43,F
2273,58,F
2274,40,M
2275,28,F
2276,55,F
2277,24,M
2278,37,F
2279,21,F
2280,37,M
2281,47,M
2282,27,F
2283,25,F
2284,23,F
2285,40,M
2286,38,M
2287,29,M
2288,41,M
2289,34,M
2290,48,F
2291,36,F
2292,46,F
2293,35,M
2294,28,F
2295,36,F
2296,22,M
2297,38,M
2298,54,F
2299,57,M
2300,21,F
2301,29,F
2302,43,M
2303,56,M
2304,45,M
2305,32,M
2306,34,M
2307,43,M
2308,30,F
2309,47,M
2310,26,M
2311,44,M
2312,49,M
2313,63,M
2314,47,F
2315,57,F
2316,38,M
2317,23,F
2318,31,F
2319,39,M
2320,41,M
2321,21,M
2322,22,M
2323,21,F
2324,52,M
2325,18,M
2326,39,F
2327,37,F
2328,41,M
2329,49,F
2330,40,F
2331,77,M
2332,22,F
2333,49,F
2334,50,M
2335,22,M
2336,30,M
2337,36,F
2338,33,F
2339,27,M
2340,51,F
2341,30,F
2342,34,F
2343,32,M
2344,40,M
2345,23,M
2346,21,M
2347,41,M
2348,36,M
2349,41,F
2350,25,M
2351,19,M
2352,36,M
2353,40,F
2354,46,F
2355,31,M
2356,26,F
2357,20,F
2358,42,F
2359,40,F
2360,49,F
2361,25,F
2362,39,F
2363,48,F
2364,28,F
2365,27,M
2366,54,M
2367,39,F
2368,39,F
2369,41,M
2370,48,M
2371,35,F
2372,26,F
2373,72,F
2374,50,M
2375,36,F
2376,52,F
2377,46,F
2378,35,F
2379,35,M
2380,42,F
2381,43,M
2382,26,F
2383,27,M
2384,42,F
2385,35,M
2386,41,M
2387,46,F
2388,34,F
2389,26,M
2390,29,M
2391,42,F
2392,20,F
2393,39,F
2394,34,F
2395,33,F
2396,61,F
2397,23,F
2398,24,F
2399,30,F
2400,33,F
2401,29,F
2402,26,M
2403,31,M
2404,43,F
2405,25,M
2406,32,F
2407,40,M
2408,44,M
2409,25,M
2410,51,M
2411,31,M
2412,52,F
2413,35,F
2414,36,M
2415,37,F
2416,58,M
2417,38,F
2418,20,M
2419,68,F
2420,22,M
2421,20,F
2422,31,F
2423,34,M
2424,34,F
2425,54,F
2426,30,F
2427,23,M
2428,39,F
2429,25,M
2430,43,M
2431,45,M
2432,32,M
2433,68,M
2434,33,F
2435,41,F
2436,59,F
2437,29,M
2438,33,M
2439,36,F
2440,52,M
2441,30,F
2442,57,M
2443,32,M
2444,38,M
2445,48,F
2446,24,F
2447,39,F
2448,44,F
2449,26,F
2450,26,M
2451,35,F
2452,43,M
2453,33,F
2454,36,F
2455,27,M
2456,36,F
2457,25,F
2458,25,M
2459,46,M
2460,37,F
2461,26,M
2462,46,F
2463,52,M
2464,34,M
2465,27,F
2466,32,F
2467,41,M
2468,24,F
2469,43,F
2470,47,M
2471,38,M
2472,43,F
2473,41,M
2474,23,F
2475,33,F
2476,35,F
2477,57,F
2478,57,F
2479,32,F
2480,48,F
2481,44,F
2482,27,F
2483,59,F
2484,29,F
2485,19,M
2486,25,F
2487,43,F
2488,39,F
2489,32,M
2490,25,M
2491,41,F
2492,28,F
2493,20,M
2494,56,M
2495,19,M
2496,44,M
2497,31,M
2498,32,F
2499,23,F
2500,24,M
2501,36,M
2502,36,M
2503,48,F
2504,39,F
2505,37,M
2506,33,M
2507,36,F
2508,32,M
2509,46,F
2510,31,M
2511,20,M
2512,31,M
2513,25,F
2514,20,M
2515,29,M
2516,39,M
2517,54,F
2518,68,M
2519,38,F
2520,30,M
2521,31,F
2522,42,F
2523,25,F
2524,62,F
2525,26,M
2526,39,M
2527,21,F
2528,42,M
2529,26,M
2530,31,M
2531,21,M
2532,32,F
2533,34,F
2534,42,M
2535,31,M
2536,24,M
2537,37,M
2538,28,F
2539,23,M
2540,38,M
2541,40,F
2542,34,F
2543,25,M
2544,18,M
2545,28,M
2546,41,F
2547,43,M
2548,41,M
2549,46,M
2550,31,M
2551,48,M
2552,35,F
2553,42,M
2554,62,M
2555,41,M
2556,28,F
2557,38,F
2558,28,M
2559,26,M
2560,52,F
2561,28,F
2562,21,F
2563,34,F
2564,45,M
2565,44,F
2566,46,M
2567,51,M
2568,37,F
2569,35,M
2570,38,M
2571,45,F
2572,40,F
2573,35,F
2574,27,M
2575,23,F
2576,52,F
2577,26,M
2578,26,M
2579,34,M
2580,28,F
2581,31,F
2582,29,M
2583,38,M
2584,20,F
2585,40,M
2586,26,F
2587,22,F
2588,53,F
2589,21,F
2590,26,F
2591,40,F
2592,24,F
2593,23,F
2594,18,F
2595,42,F
2596,27,M
2597,36,M
2598,48,F
2599,45,M
2600,20,F
2601,63,M
2602,19,M
2603,19,F
2604,35,F
2605,26,F
2606,23,M
2607,58,F
2608,67,M
2609,24,F
2610,26,F
2611,18,F
2612,23,F
2613,58,F
2614,36,M
2615,32,M
2616,23,M
2617,47,F
2618,24,M
2619,38,M
2620,41,M
2621,36,F
2622,28,M
2623,19,F
2624,49,M
2625,31,F
2626,35,M
2627,22,F
2628,30,M
2629,45,M
2630,20,M
2631,19,F
2632,25,F
2633,25,F
2634,34,F
2635,50,M
2636,31,F
2637,25,F
2638,37,M
2639,37,F
2640,88,M
2641,47,F
2642,50,M
2643,19,F
2644,32,M
2645,60,M
2646,53,F
2647,49,M
2648,38,M
2649,63,M
2650,31,F
2651,33,M
2652,18,M
2653,23,M
2654,27,M
2655,29,M
2656,24,F
2657,23,M
2658,55,M
2659,27,F
2660,31,M
2661,46,M
2662,34,M
2663,28,F
2664,45,F
2665,51,M
2666,27,M
2667,31,F
2668,31,M
2669,51,F
2670,56,M
2671,26,M
2672,33,M
2673,27,F
2674,19,F
2675,48,F
2676,32,M
2677,34,F
2678,33,F
2679,56,F
2680,38,M
2681,23,M
2682,24,F
2683,33,M
2684,30,F
2685,30,F
2686,60,F
2687,27,M
2688,26,F
2689,33,M
2690,35,F
2691,38,M
2692,33,F
2693,28,M
2694,39,M
2695,35,F
2696,55,F
2697,21,M
2698,38,F
2699,51,M
2700,52,M
2701,31,F
2702,26,F
2703,18,F
2704,30,M
2705,21,M
2706,41,M
2707,44,F
2708,26,M
2709,24,F
2710,31,F
2711,36,F
2712,20,M
2713,51,M
2714,22,M
2715,18,F
2716,42,F
2717,19,M
2718,34,M
2719,23,M
2720,58,F
2721,44,F
2722,51,M
2723,21,F
2724,21,F
2725,18,M
2726,40,M
2727,36,F
2728,23,F
2729,55,F
2730,32,M
2731,46,F
2732,42,F
2733,32,M
2734,47,M
2735,28,F
2736,29,F
2737,19,F
2738,54,F
2739,29,M
2740,47,F
2741,30,F
2742,29,M
2743,39,F
2744,30,M
2745,31,M
2746,50,F
2747,21,M
2748,23,M
2749,32,F
2750,28,F
2751,31,F
2752,23,M
2753,34,F
2754,26,F
2755,25,F
2756,20,F
2757,18,F
2758,20,M
2759,27,M
2760,42,F
2761,24,F
2762,28,M
2763,42,M
2764,38,F
2765,26,M
2766,32,F
2767,21,M
2768,21,M
2769,53,M
2770,29,M
2771,42,F
2772,23,M
2773,18,F
2774,45,F
2775,24,M
2776,32,F
2777,18,M
2778,37,M
2779,28,F
2780,34,M
2781,39,F
2782,26,M
2783,25,M
2784,31,F
2785,26,F
2786,35,F
2787,24,M
2788,46,M
2789,47,M
2790,28,M
2791,33,M
2792,33,F
2793,29,F
2794,37,F
2795,29,M
2796,37,F
2797,33,F
2798,43,F
2799,38,M
2800,19,F
2801,34,F
2802,46,F
2803,48,F
2804,49,F
2805,20,M
2806,45,F
2807,32,F
2808,38,M
2809,32,M
2810,32,M
2811,41,M
2812,63,M
2813,32,M
2814,29,M
2815,43,M
2816,19,F
2817,49,F
2818,37,M
2819,41,F
2820,27,F
2821,26,M
2822,24,M
2823,35,F
2824,31,F
2825,23,M
2826,23,F
2827,46,M
2828,20,F
2829,25,M
2830,19,M
2831,44,M
2832,47,M
2833,49,F
2834,45,M
2835,45,M
2836,42,F
2837,23,M
2838,53,F
2839,46,F
2840,54,M
2841,25,F
2842,28,F
2843,46,M
2844,27,F
2845,20,M
2846,38,F
2847,35,F
2848,20,F
2849,20,M
2850,63,M
2851,53,F
2852,36,M
2853,28,F
2854,44,M
2855,41,F
2856,38,F
2857,23,F
2858,46,M
2859,20,F
2860,53,M
2861,25,F
2862,45,M
2863,51,F
2864,36,M
2865,22,M
2866,34,F
2867,29,F
2868,32,F
2869,34,M
2870,22,M
2871,43,F
2872,27,F
2873,22,M
2874,33,M
2875,30,M
2876,35,M
2877,22,F
2878,42,M
2879,57,M
2880,28,F
2881,45,M
2882,60,M
2883,41,F
2884,41,F
2885,38,F
2886,37,F
2887,22,M
2888,37,M
2889,48,F
2890,66,M
2891,18,F
2892,32,M
2893,35,M
2894,38,M
2895,27,M
2896,49,M
2897,31,M
2898,23,M
2899,30,M
2900,43,F
2901,31,M
2902,46,M
2903,49,M
2904,25,M
2905,21,M
2906,36,M
2907,61,F
2908,64,M
2909,29,F
2910,20,F
2911,51,M
2912,38,M
2913,24,F
2914,40,F
2915,41,F
2916,34,F
2917,58,F
2918,20,M
2919,32,F
2920,27,M
2921,27,F
2922,34,M
2923,20,F
2924,44,M
2925,48,M
2926,40,M
2927,20,M
2928,31,F
2929,37,F
2930,22,F
2931,29,M
2932,23,F
2933,29,F
2934,31,F
2935,49,M
2936,32,F
2937,34,F
2938,36,M
2939,32,M
2940,28,M
2941,38,F
2942,28,F
2943,23,M
2944,35,F
2945,22,M
2946,21,M
2947,51,M
2948,51,F
2949,29,M
2950,39,M
2951,31,M
2952,22,F
2953,18,M
2954,49,M
2955,31,M
2956,26,M
2957,26,F
2958,24,M
2959,30,M
2960,36,F
2961,58,F
2962,47,F
2963,49,M
2964,51,F
2965,29,F
2966,21,F
2967,54,M
2968,28,M
2969,41,F
2970,29,M
2971,37,F
2972,40,F
2973,39,M
2974,31,M
2975,35,F
2976,22,M
2977,18,M
2978,53,F
2979,19,F
2980,35,M
2981,27,M
2982,38,F
2983,47,F
2984,44,M
2985,35,M
2986,26,F
2987,27,F
2988,39,F
2989,52,F
2990,37,F
2991,44,M
2992,30,M
2993,42,M
2994,22,M
2995,24,M
2996,53,M
2997,28,F
2998,34,F
2999,22,F
3000,21,F
3001,57,M
3002,29,M
3003,37,F
3004,38,M
3005,42,M
3006,45,F
3007,23,M
3008,59,F
3009,27,M
3010,36,F
3011,28,F
3012,38,M
3013,29,M
3014,47,F
3015,39,F
3016,33,F
3017,35,M
3018,25,M
3019,38,M
3020,26,M
3021,33,F
3022,30,F
3023,32,M
3024,40,F
3025,23,M
3026,27,M
3027,48,F
3028,28,M
3029,34,F
3030,66,F
3031,46,F
3032,31,F
3033,24,M
3034,23,M
3035,23,F
3036,32,F
3037,55,M
3038,26,F
3039,21,F
3040,20,M
3041,28,M
3042,52,M
3043,25,M
3044,23,F
3045,28,M
3046,33,M
3047,31,M
3048,31,F
3049,28,M
3050,26,M
3051,44,F
3052,39,F
3053,20,M
3054,33,F
3055,31,M
3056,46,M
3057,19,F
3058,23,M
3059,46,F
3060,46,M
3061,59,M
3062,24,F
3063,39,M
3064,19,M
3065,35,M
3066,31,F
3067,22,M
3068,67,F
3069,50,M
3070,33,M
3071,31,F
3072,42,F
3073,31,F
3074,28,M
3075,29,M
3076,33,F
3077,22,F
3078,25,M
3079,56,M
3080,32,M
3081,49,M
3082,25,F
3083,32,M
3084,50,F
3085,35,M
3086,32,M
3087,48,F
3088,39,M
3089,18,M
3090,22,M
3091,33,M
3092,26,F
3093,28,M
3094,62,M
3095,61,F
3096,19,M
3097,26,F
3098,24,F
3099,28,F
3100,39,M
3101,58,M
3102,24,M
3103,41,M
3104,25,M
3105,29,M
3106,56,F
3107,44,F
3108,27,F
3109,44,M
3110,34,F
3111,30,F
3112,22,M
3113,50,F
3114,19,F
3115,40,F
3116,41,M
3117,32,M
3118,49,M
3119,30,F
3120,26,M
3121,38,M
3122,26,M
3123,36,F
3124,53,M
3125,53,F
3126,37,M
3127,18,F
3128,69,M
3129,29,M
3130,22,M
3131,28,M
3132,37,F
3133,52,F
3134,41,M
3135,35,F
3136,19,F
3137,46,M
3138,19,F
3139,54,F
3140,40,M
3141,34,M
3142,37,F
3143,21,M
3144,30,M
3145,36,M
3146,35,F
3147,33,M
3148,30,M
3149,21,M
3150,28,M
3151,40,M
3152,37,M
3153,20,F
3154,25,M
3155,40,F
3156,18,F
3157,40,F
3158,28,M
3159,58,F
3160,29,M
3161,20,M
3162,40,M
3163,20,M
3164,32,F
3165,22,M
3166,28,F
3167,21,M
3168,41,M
3169,31,M
3170,19,M
3171,38,F
3172,34,F
3173,45,F
3174,34,F
3175,38,M
3176,48,M
3177,28,F
3178,48,M
3179,41,F
3180,43,F
3181,39,F
3182,24,M
3183,54,M
3184,38,F
3185,39,F
3186,57,M
3187,29,F
3188,52,F
3189,32,F
3190,19,M
3191,32,F
3192,59,M
3193,45,M
3194,29,M
3195,46,F
3196,32,F
3197,47,F
3198,37,M
3199,50,F
3200,20,M
3201,46,F
3202,39,F
3203,40,M
3204,64,M
3205,24,F
3206,27,F
3207,21,F
3208,43,F
3209,25,M
3210,28,M
3211,23,F
3212,42,M
3213,21,F
3214,42,F
3215,45,F
3216,44,F
3217,22,M
3218,33,F
3219,18,M
3220,20,M
3221,32,M
3222,45,M
3223,28,F
3224,32,F
3225,48,F
3226,45,F
3227,53,M
3228,28,F
3229,39,F
3230,40,F
3231,30,M
3232,49,M
3233,53,M
3234,31,M
3235,43,F
3236,34,M
3237,50,F
3238,33,F
3239,56,M
3240,42,F
3241,30,M
3242,49,M
3243,49,F
3244,49,M
3245,39,M
3246,64,F
3247,24,M
3248,34,M
3249,26,M
3250,47,M
3251,33,M
3252,36,M
3253,21,F
3254,38,F
3255,49,M
3256,39,M
3257,30,M
3258,19,M
3259,29,F
3260,40,F
3261,38,F
3262,43,F
3263,37,F
3264,45,F
3265,31,F
3266,27,M
3267,54,M
3268,42,M
3269,28,M
3270,46,M
3271,40,F
3272,20,M
3273,35,F
3274,42,F
3275,46,F
3276,49,F
3277,18,F
3278,31,M
3279,39,M
3280,22,M
3281,27,M
3282,23,F
3283,49,F
3284,23,M
3285,47,F
3286,32,F
3287,35,F
3288,32,F
3289,57,M
3290,28,M
3291,46,F
3292,61,F
3293,24,M
3294,44,F
3295,49,M
3296,54,M
3297,44,F
3298,54,M
3299,43,F
3300,37,F
3301,45,F
3302,48,F
3303,51,F
3304,18,M
3305,55,M
3306,23,F
3307,19,M
3308,30,F
3309,32,M
3310,33,M
3311,51,M
3312,40,F
3313,37,F
3314,18,M
3315,46,M
3316,29,F
3317,34,F
3318,34,F
3319,29,M
3320,31,F
3321,37,F
3322,43,F
3323,31,F
3324,34,F
3325,33,M
3326,29,M
3327,24,F
3328,32,F
3329,40,F
3330,18,F
3331,19,M
3332,40,M
3333,46,M
3334,32,F
3335,28,M
3336,45,M
3337,39,F
3338,18,M
3339,53,M
3340,30,F
3341,28,F
3342,40,F
3343,34,M
3344,54,M
3345,36,M
3346,30,M
3347,35,F
3348,31,M
3349,37,F
3350,39,M
3351,41,M
3352,41,F
3353,35,F
3354,33,F
3355,26,M
3356,19,M
3357,23,F
3358,39,M
3359,20,F
3360,23,F
3361,51,F
3362,42,F
3363,19,F
3364,64,M
3365,33,F
3366,29,M
3367,49,F
3368,46,F
3369,39,F
3370,21,M
3371,30,F
3372,53,F
3373,54,F
3374,55,F
3375,55,M
3376,38,F
3377,26,M
3378,45,M
3379,23,M
3380,38,F
3381,22,F
3382,28,M
3383,43,F
3384,22,M
3385,42,M
3386,27,F
3387,34,M
3388,38,F
3389,55,F
3390,45,M
3391,57,F
3392,37,M
3393,25,F
3394,20,M
3395,74,M
3396,34,F
3397,48,M
3398,56,M
3399,30,F
3400,21,F
3401,40,M
3402,18,F
3403,49,F
3404,40,M
3405,36,M
3406,30,F
3407,47,M
3408,19,M
3409,30,M
3410,36,F
3411,55,M
3412,29,F
3413,53,M
3414,39,F
3415,27,M
3416,56,F
3417,25,F
3418,45,F
3419,55,M
3420,41,F
3421,23,F
3422,19,F
3423,30,F
3424,59,F
3425,43,F
3426,31,M
3427,27,M
3428,27,F
3429,35,M
3430,27,F
3431,35,F
3432,23,F
3433,30,F
3434,41,M
3435,25,F
3436,33,M
3437,23,F
3438,28,M
3439,24,F
3440,39,F
3441,30,M
3442,45,M
3443,34,M
3444,40,M
3445,40,M
3446,31,F
3447,32,M
3448,52,F
3449,46,F
3450,23,M
3451,26,M
3452,32,M
3453,43,F
3454,51,F
3455,52,F
3456,40,M
3457,32,F
3458,30,F
3459,21,M
3460,44,M
3461,53,F
3462,51,M
3463,22,M
3464,25,M
3465,21,F
3466,50,F
3467,47,M
3468,18,M
3469,38,M
3470,56,F
3471,32,M
3472,44,F
3473,29,M
3474,45,M
3475,54,F
3476,45,M
3477,31,F
3478,41,F
3479,27,M
3480,26,F
3481,31,M
3482,52,M
3483,40,F
3484,24,M
3485,19,F
3486,24,M
3487,29,F
3488,25,F
3489,64,F
3490,34,M
3491,41,M
3492,44,F
3493,44,F
3494,24,F
3495,31,M
3496,21,F
3497,52,F
3498,30,F
3499,35,F
3500,32,M
3501,51,F
3502,21,M
3503,36,F
3504,31,M
3505,32,M
3506,45,M
3507,45,M
3508,47,F
3509,57,M
3510,31,F
3511,36,M
3512,34,M
3513,34,M
3514,23,F
3515,28,F
3516,33,M
3517,34,F
3518,21,M
3519,32,F
3520,33,F
3521,48,M
3522,42,M
3523,64,M
3524,48,M
3525,34,M
3526,24,M
3527,62,M
3528,29,M
3529,18,M
3530,35,F
3531,35,F
3532,45,F
3533,34,M
3534,46,F
3535,24,M
3536,49,F
3537,31,F
3538,45,F
3539,30,F
3540,29,M
3541,22,F
3542,59,M
3543,49,F
3544,26,M
3545,58,M
3546,37,M
3547,22,M
3548,58,M
3549,37,M
3550,40,F
3551,45,F
3552,26,M
3553,30,M
3554,27,F
3555,24,F
3556,48,F
3557,45,F
3558,50,M
3559,22,M
3560,49,F
3561,23,M
3562,49,M
3563,28,M
3564,51,F
3565,30,M
3566,31,M
3567,25,M
3568,19,F
3569,27,F
3570,34,M
3571,46,F
3572,33,M
3573,59,F
3574,41,F
3575,35,F
3576,43,F
3577,48,M
3578,33,F
3579,29,M
3580,54,F
3581,47,F
3582,35,F
3583,49,F
3584,28,M
3585,32,F
3586,41,M
3587,55,F
3588,36,F
3589,28,F
3590,25,F
3591,39,M
3592,18,M
3593,29,M
3594,25,F
3595,34,F
3596,27,F
3597,21,F
3598,47,M
3599,34,F
3600,27,M
3601,41,M
3602,43,M
3603,41,F
3604,42,F
3605,47,F
3606,26,F
3607,35,M
3608,35,M
3609,38,M
3610,31,F
3611,41,F
3612,43,M
3613,41,F
3614,56,M
3615,45,M
3616,41,F
3617,25,F
3618,25,M
3619,73,F
3620,46,F
3621,37,F
3622,25,M
3623,52,M
3624,21,M
3625,53,M
3626,33,M
3627,24,M
3628,23,M
3629,24,M
3630,50,F
3631,59,M
3632,30,M
3633,25,F
3634,50,F
3635,40,F
3636,48,M
3637,36,F
3638,74,M
3639,43,M
3640,46,F
3641,27,F
3642,55,M
3643,49,M
3644,26,M
3645,53,M
3646,26,M
3647,45,M
3648,50,F
3649,19,M
3650,70,M
3651,22,M
3652,36,M
3653,45,M
3654,41,F
3655,40,M
3656,30,F
3657,28,F
3658,42,M
3659,27,M
3660,37,F
3661,33,F
3662,42,F
3663,33,M
3664,72,M
3665,54,M
3666,26,M
3667,44,M
3668,28,F
3669,33,M
3670,34,F
3671,48,F
3672,52,F
3673,21,F
3674,18,M
3675,52,F
3676,23,F
3677,19,F
3678,29,F
3679,43,F
3680,27,F
3681,57,F
3682,52,M
3683,55,F
3684,78,F
3685,32,M
3686,21,F
3687,49,M
3688,46,M
3689,38,M
3690,19,F
3691,26,M
3692,25,F
3693,55,F
3694,23,M
3695,39,M
3696,39,M
3697,31,F
3698,50,F
3699,28,M
3700,22,F
3701,40,M
3702,49,M
3703,24,F
3704,38,F
3705,34,F
3706,29,F
3707,31,F
3708,20,M
3709,62,M
3710,27,F
3711,23,F
3712,37,M
3713,47,M
3714,36,F
3715,44,F
3716,38,F
3717,27,M
3718,48,M
3719,24,M
3720,29,M
3721,40,M
3722,40,F
3723,25,M
3724,52,F
3725,38,F
3726,39,M
3727,30,M
3728,19,M
3729,44,M
3730,23,M
3731,18,M
3732,35,M
3733,44,M
3734,41,F
3735,22,F
3736,34,M
3737,28,F
3738,22,M
3739,68,M
3740,30,M
3741,48,F
3742,21,F
3743,18,F
3744,39,M
3745,29,F
3746,29,F
3747,44,M
3748,28,F
3749,29,M
3750,42,M
3751,45,F
3752,37,F
3753,26,F
3754,80,M
3755,35,F
3756,39,M
3757,21,F
3758,41,F
3759,44,M
3760,19,M
3761,26,F
3762,21,M
3763,36,F
3764,58,M
3765,29,F
3766,44,F
3767,36,M
3768,36,M
3769,20,F
3770,24,F
3771,37,M
3772,42,F
3773,27,F
3774,43,F
3775,30,F
3776,59,M
3777,47,F
3778,22,M
3779,26,F
3780,47,F
3781,42,M
3782,26,M
3783,36,F
3784,27,F
3785,56,F
3786,32,F
3787,46,F
3788,27,F
3789,35,F
3790,37,M
3791,30,F
3792,56,F
3793,43,F
3794,49,M
3795,32,F
3796,28,M
3797,43,M
3798,45,M
3799,36,F
3800,22,F
3801,33,F
3802,43,M
3803,36,F
3804,40,M
3805,34,F
3806,24,M
3807,21,M
3808,18,M
3809,48,F
3810,70,M
3811,40,M
3812,35,M
3813,36,M
3814,21,F
3815,26,M
3816,24,M
3817,37,M
3818,64,F
3819,37,F
3820,41,M
3821,42,F
3822,23,M
3823,35,M
3824,43,F
3825,29,F
3826,42,M
3827,26,M
3828,37,M
3829,43,F
3830,21,M
3831,30,M
3832,30,F
3833,49,F
3834,45,M
3835,21,F
3836,35,M
3837,41,F
3838,40,F
3839,22,F
3840,47,F
3841,50,F
3842,50,M
3843,50,F
3844,25,M
3845,45,F
3846,59,M
3847,43,F
3848,37,M
3849,37,M
3850,28,M
3851,23,F
3852,55,M
3853,18,M
3854,28,F
3855,37,F
3856,22,F
3857,44,F
3858,29,M
3859,42,F
3860,41,M
3861,55,F
3862,35,M
3863,57,M
3864,44,F
3865,36,M
3866,49,M
3867,56,M
3868,33,F
3869,33,M
3870,30,F
3871,37,M
3872,29,M
3873,28,M
3874,42,M
3875,52,F
3876,21,M
3877,55,F
3878,49,F
3879,36,M
3880,72,M
3881,32,F
3882,42,M
3883,30,F
3884,18,M
3885,39,F
3886,20,F
3887,34,F
3888,41,M
3889,31,F
3890,59,M
3891,36,M
3892,31,F
3893,33,M
3894,33,M
3895,24,M
3896,42,M
3897,56,M
3898,57,F
3899,45,F
3900,65,F
3901,41,F
3902,34,M
3903,41,M
3904,71,F
3905,34,M
3906,29,M
3907,23,M
3908,19,F
3909,32,F
3910,33,M
3911,18,M
3912,46,F
3913,45,M
3914,57,F
3915,35,F
3916,38,F
3917,30,M
3918,77,F
3919,53,F
3920,44,F
3921,52,M
3922,67,M
3923,52,F
3924,27,F
3925,45,F
3926,33,M
3927,40,F
3928,27,M
3929,49,M
3930,44,F
3931,22,F
3932,48,F
3933,36,F
3934,43,F
3935,23,M
3936,34,M
3937,35,F
3938,41,M
3939,41,M
3940,29,M
3941,37,F
3942,46,F
3943,34,M
3944,44,F
3945,20,F
3946,23,M
3947,31,F
3948,48,M
3949,22,M
3950,26,F
3951,52,F
3952,38,F
3953,27,M
3954,46,M
3955,21,M
3956,38,M
3957,39,F
3958,34,M
3959,30,F
3960,33,F
3961,32,M
3962,25,M
3963,40,M
3964,26,F
3965,28,M
3966,42,M
3967,32,F
3968,43,M
3969,26,M
3970,41,F
3971,39,M
3972,39,F
3973,26,F
3974,54,F
3975,37,F
3976,34,M
3977,51,M
3978,44,M
3979,75,F
3980,27,M
3981,35,M
3982,21,F
3983,40,F
3984,35,M
3985,35,F
3986,18,M
3987,20,F
3988,46,F
3989,27,M
3990,35,F
3991,35,F
3992,30,M
3993,23,M
3994,40,F
3995,28,M
3996,61,M
3997,26,F
3998,41,F
3999,54,F
4000,32,F
4001,37,M
4002,51,M
4003,47,F
4004,19,M
4005,34,M
4006,31,M
4007,51,M
4008,20,F
4009,32,F
4010,31,M
4011,32,M
4012,53,F
4013,23,F
4014,25,M
4015,42,M
4016,30,M
4017,51,M
4018,33,M
4019,24,F
4020,28,F
4021,45,F
4022,42,M
4023,25,M
4024,27,F
4025,29,M
4026,22,M
4027,23,M
4028,23,F
4029,18,M
4030,56,F
4031,21,F
4032,47,F
4033,51,M
4034,35,M
4035,35,M
4036,30,M
4037,29,M
4038,21,F
4039,31,M
4040,18,M
4041,28,M
4042,32,M
4043,44,M
4044,34,M
4045,32,M
4046,37,F
4047,26,F
4048,54,M
4049,35,M
4050,49,F
4051,28,M
4052,21,F
4053,19,F
4054,35,F
4055,49,F
4056,53,M
4057,40,M
4058,23,M
4059,19,M
4060,20,M
4061,56,M
4062,40,F
4063,28,F
4064,21,M
4065,41,F
4066,42,F
4067,18,M
4068,39,M
4069,44,M
4070,29,F
4071,44,F
4072,27,F
4073,28,M
4074,32,M
4075,25,F
4076,35,M
4077,54,M
4078,34,M
4079,25,F
4080,44,M
4081,37,M
4082,46,F
4083,43,F
4084,46,F
4085,41,F
4086,33,M
4087,26,M
4088,44,M
4089,39,F
4090,42,M
4091,41,M
4092,50,F
4093,39,F
4094,65,F
4095,35,M
4096,27,M
4097,51,F
4098,33,M
4099,39,F
4100,27,F
4101,41,M
4102,23,M
4103,32,M
4104,29,M
4105,54,M
4106,40,M
4107,25,F
4108,34,M
4109,35,M
4110,36,M
4111,67,M
4112,22,M
4113,37,M
4114,50,M
4115,24,F
4116,34,F
4117,53,F
4118,23,F
4119,32,F
4120,27,M
4121,46,M
4122,28,F
4123,56,F
4124,33,M
4125,56,M
4126,26,F
4127,27,F
4128,39,F
4129,23,M
4130,42,F
4131,38,F
4132,50,M
4133,49,M
4134,38,F
4135,51,F
4136,25,M
4137,19,F
4138,23,M
4139,39,M
4140,21,M
4141,19,M
4142,28,M
4143,46,M
4144,45,M
4145,22,F
4146,45,M
4147,38,M
4148,21,M
4149,44,F
4150,49,M
4151,29,M
4152,40,F
4153,35,F
4154,40,M
4155,26,M
4156,27,F
4157,29,F
4158,30,M
4159,31,M
4160,54,M
4161,48,M
4162,23,F
4163,29,M
4164,48,M
4165,30,M
4166,37,M
4167,38,M
4168,58,M
4169,65,M
4170,35,M
4171,26,M
4172,35,M
4173,34,M
4174,42,F
4175,27,F
4176,27,M
4177,33,M
4178,43,M
4179,20,F
4180,35,F
4181,21,F
4182,36,F
4183,33,F
4184,21,M
4185,60,F
4186,35,F
4187,55,M
4188,31,F
4189,41,M
4190,25,F
4191,51,M
4192,77,F
4193,42,M
4194,21,F
4195,44,M
4196,40,F
4197,23,F
4198,27,M
4199,48,F
4200,33,M
4201,18,M
4202,25,F
4203,43,F
4204,49,F
4205,36,M
4206,34,M
4207,31,F
4208,25,F
4209,45,M
4210,28,F
4211,29,F
4212,22,F
4213,27,F
4214,27,M
4215,42,M
4216,39,M
4217,39,M
4218,36,F
4219,36,F
4220,31,M
4221,34,F
4222,30,F
4223,25,M
4224,37,F
4225,33,F
4226,45,F
4227,44,M
4228,31,M
4229,30,M
4230,37,F
4231,33,M
4232,34,M
4233,20,F
4234,63,M
4235,34,F
4236,21,M
4237,57,M
4238,26,M
4239,44,M
4240,33,M
4241,43,M
4242,30,F
4243,21,F
4244,31,F
4245,37,M
4246,59,F
4247,64,M
4248,24,M
4249,25,M
4250,27,M
4251,34,F
4252,21,M
4253,33,M
4254,48,F
4255,67,F
4256,18,F
4257,47,M
4258,69,F
4259,38,M
4260,30,F
4261,43,M
4262,30,F
4263,25,M
4264,54,M
4265,18,M
4266,19,M
4267,30,F
4268,27,F
4269,22,M
4270,27,M
4271,38,M
4272,26,F
4273,26,F
4274,49,F
4275,47,F
4276,44,M
4277,71,M
4278,23,M
4279,40,F
4280,37,M
4281,25,M
4282,23,M
4283,49,F
4284,47,M
4285,37,M
4286,27,F
4287,34,F
4288,40,F
4289,28,M
4290,20,M
4291,30,F
4292,22,F
4293,23,F
4294,35,F
4295,24,F
4296,42,M
4297,25,F
4298,45,F
4299,33,F
4300,35,F
4301,45,F
4302,21,M
4303,36,F
4304,50,F
4305,28,M
4306,40,M
4307,22,F
4308,30,M
4309,33,F
4310,39,F
4311,49,F
4312,33,M
4313,33,F
4314,21,F
4315,27,F
4316,50,F
4317,42,F
4318,35,F
4319,44,F
4320,30,M
4321,43,M
4322,21,F
4323,22,F
4324,19,F
4325,28,F
4326,44,F
4327,34,M
4328,34,F
4329,57,M
4330,23,M
4331,22,M
4332,47,F
4333,27,F
4334,58,F
4335,39,F
4336,19,F
4337,44,F
4338,21,F
4339,53,F
4340,22,F
4341,21,F
4342,35,M
4343,28,F
4344,61,M
4345,33,M
4346,34,M
4347,40,F
4348,27,F
4349,48,F
4350,37,F
4351,29,F
4352,42,M
4353,40,M
4354,57,F
4355,30,M
4356,53,M
4357,28,M
4358,20,F
4359,45,F
4360,46,F
4361,21,F
4362,21,M
4363,27,M
4364,28,F
4365,50,M
4366,47,M
4367,54,M
4368,37,M
4369,35,F
4370,34,F
4371,18,M
4372,38,F
4373,23,F
4374,37,F
4375,29,F
4376,28,M
4377,21,F
4378,60,M
4379,36,M
4380,36,F
4381,46,M
4382,31,M
4383,40,F
4384,33,F
4385,48,F
4386,27,F
4387,47,F
4388,33,M
4389,25,M
4390,39,F
4391,44,F
4392,18,M
4393,33,F
4394,23,F
4395,33,M
4396,38,F
4397,38,F
4398,19,F
4399,60,F
4400,38,F
4401,26,M
4402,32,F
4403,29,M
4404,23,F
4405,37,M
4406,42,M
4407,28,M
4408,31,M
4409,31,M
4410,29,M
4411,18,F
4412,35,M
4413,42,M
4414,43,F
4415,36,M
4416,62,F
4417,49,F
4418,21,M
4419,30,M
4420,19,M
4421,32,F
4422,30,M
4423,42,F
4424,39,M
4425,28,M
4426,27,M
4427,40,F
4428,31,M
4429,49,F
4430,27,M
4431,34,F
4432,38,F
4433,25,M
4434,22,M
4435,51,F
4436,24,F
4437,50,M
4438,51,M
4439,36,F
4440,20,M
4441,48,F
4442,25,F
4443,35,F
4444,43,F
4445,51,M
4446,33,F
4447,34,M
4448,20,F
4449,30,M
4450,58,F
4451,52,M
4452,30,M
4453,25,F
4454,36,F
4455,26,M
4456,21,F
4457,41,F
4458,68,F
4459,47,F
4460,24,F
4461,19,M
4462,28,M
4463,36,M
4464,29,M
4465,30,F
4466,43,F
4467,33,M
4468,41,M
4469,38,M
4470,57,F
4471,18,F
4472,55,F
4473,41,M
4474,48,F
4475,22,M
4476,18,F
4477,36,F
4478,24,F
4479,21,M
4480,20,F
4481,29,F
4482,27,F
4483,23,F
4484,21,M
4485,26,F
4486,52,F
4487,43,M
4488,27,F
4489,64,M
4490,24,F
4491,39,M
4492,19,F
4493,41,F
4494,34,F
4495,66,M
4496,61,M
4497,33,M
4498,59,F
4499,74,F
4500,47,F
4501,38,M
4502,53,F
4503,44,F
4504,24,F
4505,49,F
4506,19,F
4507,65,F
4508,22,M
4509,30,F
4510,46,F
4511,39,M
4512,47,M
4513,41,F
4514,29,M
4515,40,M
4516,38,M
4517,32,F
4518,50,F
4519,44,M
4520,28,M
4521,18,M
4522,37,F
4523,52,M
4524,46,M
4525,35,M
4526,49,M
4527,37,F
4528,45,M
4529,37,F
4530,48,M
4531,29,F
4532,39,M
4533,27,M
4534,54,M
4535,26,F
4536,22,M
4537,28,M
4538,33,F
4539,35,M
4540,38,M
4541,31,M
4542,29,F
4543,36,F
4544,41,F
4545,39,F
4546,34,F
4547,31,F
4548,40,F
4549,20,M
4550,28,M
4551,30,M
4552,32,M
4553,35,M
4554,35,M
4555,38,M
4556,44,F
4557,42,M
4558,38,M
4559,22,F
4560,41,M
4561,26,M
4562,32,F
4563,34,F
4564,54,M
4565,35,M
4566,38,M
4567,45,F
4568,22,M
4569,26,M
4570,20,F
4571,26,F
4572,29,F
4573,43,F
4574,40,M
4575,37,F
4576,69,M
4577,35,F
4578,38,F
4579,28,M
4580,47,F
4581,44,F
4582,35,F
4583,27,M
4584,28,F
4585,30,F
4586,25,M
4587,26,F
4588,42,F
4589,34,M
4590,18,M
4591,23,F
4592,48,M
4593,29,M
4594,38,M
4595,36,M
4596,28,F
4597,39,F
4598,35,M
4599,18,F
4600,41,M
4601,48,F
4602,47,F
4603,48,M
4604,35,F
4605,24,M
4606,49,M
4607,32,M
4608,29,M
4609,60,M
4610,47,M
4611,41,F
4612,45,F
4613,36,F
4614,45,F
4615,61,F
4616,59,F
4617,29,M
4618,21,M
4619,36,M
4620,28,M
4621,36,M
4622,52,F
4623,38,M
4624,24,F
4625,29,F
4626,30,M
4627,36,M
4628,45,M
4629,23,F
4630,41,F
4631,22,M
4632,19,M
4633,31,M
4634,36,F
4635,36,F
4636,34,F
4637,21,M
4638,32,M
4639,40,F
4640,44,M
4641,40,F
4642,45,F
4643,18,F
4644,45,M
4645,47,M
4646,57,F
4647,23,F
4648,48,M
4649,35,F
4650,52,F
4651,33,M
4652,25,M
4653,30,M
4654,22,M
4655,36,M
4656,23,M
4657,35,M
4658,34,M
4659,35,M
4660,28,M
4661,18,M
4662,24,M
4663,37,M
4664,37,F
4665,51,M
4666,26,M
4667,24,F
4668,43,M
4669,45,M
4670,38,F
4671,21,F
4672,58,F
4673,22,M
4674,42,F
4675,22,F
4676,28,M
4677,50,M
4678,19,F
4679,52,M
4680,43,F
4681,50,M
4682,62,F
4683,41,F
4684,28,M
4685,37,M
4686,42,M
4687,38,M
4688,41,M
4689,31,F
4690,29,F
4691,36,F
4692,45,M
4693,46,M
4694,41,M
4695,51,M
4696,33,F
4697,39,M
4698,42,M
4699,19,F
4700,26,M
4701,23,F
4702,35,M
4703,35,F
4704,46,F
4705,49,M
4706,28,M
4707,53,F
4708,54,M
4709,49,F
4710,42,F
4711,28,F
4712,34,M
4713,23,F
4714,41,F
4715,24,F
4716,36,F
4717,40,M
4718,24,M
4719,32,F
4720,27,M
4721,32,F
4722,40,F
4723,44,F
4724,51,F
4725,45,M
4726,48,M
4727,34,F
4728,29,F
4729,62,F
4730,36,F
4731,49,M
4732,25,M
4733,39,M
4734,27,M
4735,27,M
4736,47,M
4737,19,F
4738,19,F
4739,36,M
4740,26,F
4741,40,M
4742,37,M
4743,26,M
4744,42,M
4745,21,M
4746,18,F
4747,41,F
4748,55,F
4749,26,M
4750,34,M
4751,23,M
4752,36,F
4753,54,F
4754,42,F
4755,20,M
4756,27,F
4757,27,M
4758,25,F
4759,37,F
4760,47,M
4761,54,F
4762,23,M
4763,27,F
4764,55,M
4765,24,F
4766,58,M
4767,30,F
4768,37,F
4769,67,M
4770,27,F
4771,52,F
4772,42,F
4773,37,M
4774,42,M
4775,41,F
4776,51,F
4777,45,F
4778,62,F
4779,36,M
4780,31,M
4781,42,F
4782,23,F
4783,29,F
4784,34,M
4785,50,M
4786,47,F
4787,31,M
4788,51,M
4789,18,M
4790,41,M
4791,24,M
4792,53,M
4793,34,M
4794,35,F
4795,26,F
4796,43,M
4797,25,M
4798,36,M
4799,32,F
4800,24,M
4801,29,M
4802,37,F
4803,27,M
4804,31,F
4805,46,F
4806,21,M
4807,48,M
4808,38,M
4809,45,F
4810,21,M
4811,34,M
4812,35,M
4813,53,F
4814,24,F
4815,24,M
4816,26,M
4817,27,F
4818,56,M
4819,40,F
4820,38,F
4821,35,M
4822,48,M
4823,28,F
4824,18,F
4825,59,F
4826,31,M
4827,24,M
4828,58,M
4829,36,M
4830,24,M
4831,36,F
4832,39,F
4833,31,F
4834,30,F
4835,25,F
4836,27,F
4837,37,F
4838,38,F
4839,39,M
4840,46,F
4841,37,F
4842,43,F
4843,61,M
4844,22,M
4845,46,M
4846,44,M
4847,20,F
4848,37,F
4849,36,M
4850,38,M
4851,54,F
4852,50,M
4853,32,M
4854,26,M
4855,30,M
4856,20,F
4857,33,F
4858,41,M
4859,22,F
4860,28,F
4861,23,F
4862,27,M
4863,28,F
4864,35,F
4865,40,F
4866,42,M
4867,40,M
4868,32,F
4869,34,F
4870,27,M
4871,33,M
4872,22,F
4873,40,F
4874,28,M
4875,39,F
4876,50,M
4877,20,M
4878,19,F
4879,35,M
4880,22,M
4881,40,M
4882,44,F
4883,27,F
4884,35,F
4885,29,F
4886,19,F
4887,34,M
4888,22,F
4889,40,F
4890,25,F
4891,27,F
4892,30,M
4893,39,M
4894,29,F
4895,36,M
4896,41,M
4897,26,F
4898,46,F
4899,36,M
4900,21,F
4901,30,M
4902,35,M
4903,62,F
4904,19,F
4905,19,F
4906,42,F
4907,42,M
4908,32,F
4909,18,M
4910,35,M
4911,37,M
4912,37,M
4913,43,M
4914,46,F
4915,24,M
4916,24,F
4917,39,F
4918,27,F
4919,63,M
4920,49,F
4921,42,F
4922,32,F
4923,29,F
4924,20,M
4925,56,M
4926,23,M
4927,44,F
4928,30,M
4929,52,F
4930,49,M
4931,23,M
4932,56,M
4933,32,M
4934,52,F
4935,55,F
4936,36,M
4937,44,M
4938,23,M
4939,28,M
4940,37,M
4941,58,F
4942,31,M
4943,39,F
4944,38,F
4945,25,F
4946,52,F
4947,20,F
4948,29,M
4949,25,M
4950,48,F
4951,64,F
4952,42,M
4953,44,F
4954,41,F
4955,31,M
4956,44,F
4957,46,M
4958,42,F
4959,42,F
4960,47,F
4961,52,F
4962,37,M
4963,28,F
4964,44,F
4965,25,F
4966,22,F
4967,47,M
4968,31,M
4969,35,M
4970,62,M
4971,44,F
4972,41,M
4973,26,M
4974,37,F
4975,38,F
4976,37,F
4977,38,M
4978,50,F
4979,43,M
4980,44,M
4981,23,M
4982,25,M
4983,18,F
4984,31,F
4985,31,F
4986,28,F
4987,29,F
4988,37,F
4989,24,F
4990,60,M
4991,35,M
4992,49,F
4993,43,F
4994,26,F
4995,29,M
4996,22,F
4997,52,F
4998,46,M
4999,31,M
